entidade;cd_cvm;ano;indicador;valor
Brisanet Participacoes;026085;2020;ativo_total;1018250000,0
Brisanet Participacoes;026085;2021;ativo_total;2892361000,0
Brisanet Participacoes;026085;2022;ativo_total;3078284000,0
Brisanet Participacoes;026085;2023;ativo_total;3196278000,0
Brisanet Servicos;027693;2023;ativo_total;3195271000,0
Brisanet Servicos;027693;2024;ativo_total;4026085000,0
Brisanet Servicos;027693;2025;ativo_total;4685456000,0
Brisanet Participacoes;026085;2020;fluxo_caixa_operacional;221074000,0
Brisanet Participacoes;026085;2021;fluxo_caixa_operacional;323249000,0
Brisanet Participacoes;026085;2022;fluxo_caixa_operacional;255686000,0
Brisanet Participacoes;026085;2023;fluxo_caixa_operacional;516420000,0
Brisanet Servicos;027693;2023;fluxo_caixa_operacional;531623000,0
Brisanet Servicos;027693;2024;fluxo_caixa_operacional;515216000,0
Brisanet Servicos;027693;2025;fluxo_caixa_operacional;514646000,0
Brisanet Participacoes;026085;2020;lucro_liquido;29123000,0
Brisanet Participacoes;026085;2021;lucro_liquido;2243000,0
Brisanet Participacoes;026085;2022;lucro_liquido;60704000,0
Brisanet Participacoes;026085;2023;lucro_liquido;163349000,0
Brisanet Servicos;027693;2023;lucro_liquido;172188000,0
Brisanet Servicos;027693;2024;lucro_liquido;60794000,0
Brisanet Servicos;027693;2025;lucro_liquido;40884000,0
Brisanet Participacoes;026085;2020;passivo_total;1018250000,0
Brisanet Participacoes;026085;2021;passivo_total;2892361000,0
Brisanet Participacoes;026085;2022;passivo_total;3078284000,0
Brisanet Participacoes;026085;2023;passivo_total;3196278000,0
Brisanet Servicos;027693;2023;passivo_total;3195271000,0
Brisanet Servicos;027693;2024;passivo_total;4026085000,0
Brisanet Servicos;027693;2025;passivo_total;4685456000,0
Brisanet Participacoes;026085;2020;patrimonio_liquido;127197000,0
Brisanet Participacoes;026085;2021;patrimonio_liquido;1342099000,0
Brisanet Participacoes;026085;2022;patrimonio_liquido;1378627000,0
Brisanet Participacoes;026085;2023;patrimonio_liquido;1508058000,0
Brisanet Servicos;027693;2023;patrimonio_liquido;1539628000,0
Brisanet Servicos;027693;2024;patrimonio_liquido;1520725000,0
Brisanet Servicos;027693;2025;patrimonio_liquido;1553417000,0
Brisanet Participacoes;026085;2020;receita_liquida;471774000,0
Brisanet Participacoes;026085;2021;receita_liquida;728755000,0
Brisanet Participacoes;026085;2022;receita_liquida;985244000,0
Brisanet Participacoes;026085;2023;receita_liquida;1227870000,0
Brisanet Servicos;027693;2023;receita_liquida;1227870000,0
Brisanet Servicos;027693;2024;receita_liquida;1427794000,0
Brisanet Servicos;027693;2025;receita_liquida;1677263000,0
