empresa;variavel;ano_inicial;valor_inicial;ano_final;valor_final;variacao_total;cagr
Brisanet;receita_liquida;2020;471774000,0;2025;1677263000,0;2,555225595306227;0,28876410882041914
Brisanet;lucro_liquido;2020;29123000,0;2025;40884000,0;0,40383889022422137;0,07019632151303812
Brisanet;ebitda;2020;173474000,0;2025;748797000,0;3,3164797030102493;0,3397567093592313
Brisanet;fluxo_caixa_operacional;2020;221074000,0;2025;514646000,0;1,3279354424310412;0,18411582839589413
Brisanet;ativo_total;2020;1018250000,0;2025;4685456000,0;3,601479008102136;0,35699887940458597
Brisanet;patrimonio_liquido;2020;127197000,0;2025;1553417000,0;11,212685833785388;0,6495376669299064
Brisanet;capital_terceiros;2020;891053000,0;2025;3132039000,0;2,514986201718641;0,2858334662312172
Brisanet;divida_bruta;2020;685221000,0;2025;2518146000,0;2,6749399098976827;0,297328767559528
Desktop;receita_liquida;2020;167086000,0;2025;1218547000,0;6,292932980620758;0,4879229570318864
Desktop;lucro_liquido;2020;26593000,0;2025;80773000,0;2,0373782574361674;0,2488198003584159
Desktop;ebitda;2020;68351000,0;2025;566932000,0;7,294421442261269;0,5267123532018805
Desktop;fluxo_caixa_operacional;2020;89798000,0;2025;392678000,0;3,372903628143166;0,3432411295089248
Desktop;ativo_total;2020;404578000,0;2025;3858352000,0;8,536732101102878;0,5699286554586724
Desktop;patrimonio_liquido;2020;115223000,0;2025;1438031000,0;11,480416236341703;0,65670740707067
Desktop;capital_terceiros;2020;289355000,0;2025;2420321000,0;7,364538369822537;0,5292848829874848
Desktop;divida_bruta;2020;201919000,0;2025;1626263000,0;7,05403651959449;0,5177586577622773
Unifique;receita_liquida;2020;286048000,0;2025;1185580000,0;3,1446890032442107;0,32891862987912845
Unifique;lucro_liquido;2020;50449000,0;2025;208957000,0;3,141945330928264;0,3287426416161616
Unifique;ebitda;2020;135238000,0;2025;551957000,0;3,0813750573063787;0,32483349991027977
Unifique;fluxo_caixa_operacional;2020;85916000,0;2025;553791000,0;5,445726058010149;0,4516247652982657
Unifique;ativo_total;2020;455839000,0;2025;2495168000,0;4,4737922819241005;0,40493962835283104
Unifique;patrimonio_liquido;2020;117479000,0;2025;1115990000,0;8,499485014342989;0,5687004184414683
Unifique;capital_terceiros;2020;338360000,0;2025;1379178000,0;3,0760669109823855;0,32448871065126417
Unifique;divida_bruta;2020;154441000,0;2025;538941000,0;2,4896238693093156;0,2839725047776096
