empresa;ano;cd_cvm;fco;fci;fcf;variacao_cambial;variacao_caixa;dif_fechamento;dif_saldos;receita_liquida;fco_receita;fechamento_ok;fora_da_faixa
Brisanet;2020;026085;221074000,0;-418198000,0;329418000,0;0,0;132294000,0;0,0;0,0;471774000,0;0,46860149139206486;True;False
Brisanet;2021;026085;323249000,0;-1043542000,0;1549981000,0;0,0;829688000,0;0,0;0,0;728755000,0;0,44356333747281323;True;False
Brisanet;2022;026085;255686000,0;-1128004000,0;75068000,0;0,0;-797250000,0;0,0;0,0;985244000,0;0,2595154093808234;True;False
Brisanet;2023;026085;516420000,0;-218594000,0;-178148000,0;0,0;119678000,0;0,0;0,0;1227870000,0;0,4205819834347284;True;False
Brisanet;2024;027693;515216000,0;-1098617000,0;498982000,0;0,0;-84419000,0;0,0;0,0;1427794000,0;0,3608475732493623;True;False
Brisanet;2025;027693;514646000,0;-1099303000,0;428019000,0;0,0;-156638000,0;0,0;0,0;1677263000,0;0,30683679303722794;True;False
Unifique;2020;026050;85916000,0;-137662000,0;85841000,0;0,0;34095000,0;0,0;0,0;286048000,0;0,3003551851437521;True;False
Unifique;2021;026050;171579000,0;-520521000,0;834457000,0;0,0;485515000,0;0,0;0,0;457984000,0;0,3746397254052543;True;False
Unifique;2022;026050;338567000,0;-421103000,0;-78222000,0;0,0;-160758000,0;0,0;0,0;678448000,0;0,49903161332924556;True;False
Unifique;2023;026050;432792000,0;-332411000,0;-196206000,0;0,0;-95825000,0;0,0;0,0;883156000,0;0,4900515877149677;True;False
Unifique;2024;026050;539311000,0;-398063000,0;34241000,0;0,0;175489000,0;0,0;0,0;1025379000,0;0,5259625952940328;True;False
Unifique;2025;026050;553791000,0;-536138000,0;-252449000,0;0,0;-234796000,0;0,0;0,0;1185580000,0;0,4671055517130856;True;False
Desktop;2020;026026;89798000,0;-230821000,0;187404000,0;0,0;46381000,0;0,0;0,0;167086000,0;0,5374358114982704;True;False
Desktop;2021;026026;752975000,0;-1798812000,0;1132389000,0;0,0;86552000,0;0,0;0,0;348926000,0;2,1579790557310146;True;True
Desktop;2022;026026;88471000,0;-249572000,0;88237000,0;0,0;-72864000,0;0,0;0,0;710765000,0;0,12447292705746625;True;True
Desktop;2023;026026;205706000,0;-273632000,0;328952000,0;0,0;261026000,0;0,0;0,0;986391000,0;0,20854407633484084;True;True
Desktop;2024;026026;288810000,0;-343674000,0;16162000,0;0,0;-38702000,0;0,0;0,0;1128842000,0;0,25584625660632754;True;True
Desktop;2025;026026;392678000,0;-292242000,0;73248000,0;0,0;173684000,0;0,0;0,0;1218547000,0;0,32225100878341173;True;False
