;;Brisanet;Desktop;Unifique
receita_liquida;count;6,0;6,0;6,0
receita_liquida;mean;1086450000,0;760092833,3333334;752765833,3333334
receita_liquida;std;447569055,26231366;429072379,77824515;343188765,1531831
receita_liquida;min;471774000,0;167086000,0;286048000,0
receita_liquida;median;1106557000,0;848578000,0;780802000,0
receita_liquida;max;1677263000,0;1218547000,0;1185580000,0
lucro_liquido;count;6,0;6,0;6,0
lucro_liquido;mean;59516166,666666664;68346333,33333333;131638000,0
lucro_liquido;std;55381258,41624283;37060603,73316477;58663984,19473399
lucro_liquido;min;2243000,0;26593000,0;50449000,0
lucro_liquido;median;50794000,0;67882500,0;137658500,0
lucro_liquido;max;163349000,0;116978000,0;208957000,0
ativo_total;count;6,0;6,0;6,0
ativo_total;mean;3149452333,3333335;2619707333,3333335;1797930000,0
ativo_total;std;1244441160,5447109;1253848758,0078654;723533271,1028568
ativo_total;min;1018250000,0;404578000,0;455839000,0
ativo_total;median;3137281000,0;2889874000,0;1968168500,0
ativo_total;max;4685456000,0;3858352000,0;2495168000,0
ativo_circulante;count;6,0;6,0;6,0
ativo_circulante;mean;847474500,0;514846000,0;562734333,3333334
ativo_circulante;std;344636620,1010856;229774364,57533726;248147773,76528418
ativo_circulante;min;286999000,0;119360000,0;105947000,0
ativo_circulante;median;830706500,0;578824000,0;610303500,0
ativo_circulante;max;1216939000,0;767322000,0;820097000,0
patrimonio_liquido;count;6,0;6,0;6,0
patrimonio_liquido;mean;1238353833,3333333;1009937833,3333334;914166000,0
patrimonio_liquido;std;550789931,1768205;492134936,91686493;399602370,5640396
patrimonio_liquido;min;127197000,0;115223000,0;117479000,0
patrimonio_liquido;median;1443342500,0;1123001500,0;1047327500,0
patrimonio_liquido;max;1553417000,0;1438031000,0;1197858000,0
capital_terceiros;count;6,0;6,0;6,0
capital_terceiros;mean;1911098500,0;1609769500,0;883764000,0
capital_terceiros;std;788532887,1276708;764776489,3244954;356861484,84194815
capital_terceiros;min;891053000,0;289355000,0;338360000,0
capital_terceiros;median;1693938500,0;1766872500,0;920841000,0
capital_terceiros;max;3132039000,0;2420321000,0;1379178000,0
passivo_circulante;count;6,0;6,0;6,0
passivo_circulante;mean;561016500,0;383921000,0;358771500,0
passivo_circulante;std;185788547,48638302;161561067,2965489;121603223,38449751
passivo_circulante;min;372919000,0;101186000,0;149288000,0
passivo_circulante;median;482048500,0;439766000,0;390522000,0
passivo_circulante;max;804764000,0;546128000,0;478052000,0
passivo_nao_circulante;count;6,0;6,0;6,0
passivo_nao_circulante;mean;1350082000,0;1225848500,0;524992500,0
passivo_nao_circulante;std;634841677,7001964;612675307,0734123;241028202,5985756
passivo_nao_circulante;min;449261000,0;188169000,0;189072000,0
passivo_nao_circulante;median;1282424000,0;1298858500,0;530319000,0
passivo_nao_circulante;max;2327275000,0;1874193000,0;901126000,0
fluxo_caixa_operacional;count;6,0;6,0;6,0
fluxo_caixa_operacional;mean;391048500,0;303073000,0;353659333,3333333
fluxo_caixa_operacional;std;140159218,27086508;249665726,72916082;192794565,86186934
fluxo_caixa_operacional;min;221074000,0;88471000,0;85916000,0
fluxo_caixa_operacional;median;418947500,0;247258000,0;385679500,0
fluxo_caixa_operacional;max;516420000,0;752975000,0;553791000,0
