indicador;unidade;empresa;amostra;n;media;mediana;desvio_padrao;coef_variacao;minimo;ano_minimo;maximo;ano_maximo;ano_inicial;valor_inicial;ano_final;valor_final;variacao_no_periodo
margem_liquida;fracao;Brisanet;todas;6;0,05440178061553539;0,052096067660992326;0,04464150722928206;0,8205890822723161;0,003077851952988316;2021;0,13303444175686352;2023;2020;0,061730828744271625;2025;0,024375425917104235;-0,037355402827167386
margem_liquida;fracao;Desktop;todas;6;0,09965840495869106;0,08827223614428518;0,03396665161760275;0,34083077721023236;0,06628632297318035;2025;0,15915755958009647;2020;2020;0,15915755958009647;2025;0,06628632297318035;-0,09287123660691612
margem_liquida;fracao;Unifique;todas;6;0,17582380014811053;0,17605212214226895;0,009201341120352525;0,05233273943915156;0,16430732509318852;2023;0,19192038299176944;2022;2020;0,1763655050900548;2025;0,1762487558831964;-0,00011674920685839085
roe;fracao;Brisanet;todas;6;0,07918616105084343;0,042176720447910765;0,09049340700079479;1,1427932078016922;0,0030531628752817675;2021;0,24793761333549008;2020;2020;0,24793761333549008;2025;0,026598641181832198;-0,2213389721536579
roe;fracao;Desktop;todas;5;0,071495128673213;0,06093946688895358;0,01953524705374573;0,27323885439855117;0,05754872347679131;2025;0,10416548864805612;2023;2021;0,06093946688895358;2025;0,05754872347679131;-0,003390743412162271
roe;fracao;Unifique;todas;6;0,21450405575810724;0,1508717887873231;0,15689503155913082;0,7314315386934166;0,13311741420486145;2022;0,5329973640143051;2020;2020;0,5329973640143051;2025;0,1806142840843478;-0,3523830799299573
roa;fracao;Brisanet;todas;6;0,023179718193101172;0,018585716239466435;0,01907130023159795;0,8227580712035583;0,0011471353197748382;2021;0,05206706061713949;2023;2020;0,03930651129237212;2025;0,00938616945038771;-0,029920341841984412
roa;fracao;Desktop;todas;5;0,027872580159578046;0,02387328197687091;0,007628592449864181;0,2736952376202142;0,02192159216985577;2025;0,04048166320258412;2023;2021;0,02387328197687091;2025;0,02192159216985577;-0,0019516898070151417
roa;fracao;Unifique;todas;6;0,08858135436951338;0,07944392853504058;0,0246530396526654;0,27830958138014333;0,07362563326452794;2022;0,13777649723963617;2020;2020;0,13777649723963617;2025;0,08747020325518906;-0,05030629398444711
endividamento_geral;fracao;Brisanet;todas;6;0,6303561423819856;0,5872131277222535;0,13181087325169855;0,2091053999309224;0,5281830929599991;2023;0,8750827399950896;2020;2020;0,8750827399950896;2025;0,6684598041257884;-0,20662293586930114
endividamento_geral;fracao;Desktop;todas;6;0,6276823232647956;0,6162255492694287;0,045094878359572814;0,07184347350267657;0,5882556750409073;2021;0,7152020129616539;2020;2020;0,7152020129616539;2025;0,6272939845820185;-0,0879080283796354
endividamento_geral;fracao;Unifique;todas;6;0,5189551287988947;0,4778269112346346;0,11906951034689922;0,2294408586393237;0,40714396547514026;2021;0,7422796206555384;2020;2020;0,7422796206555384;2025;0,5527395349731962;-0,18954008568234226
composicao_endividamento;fracao;Brisanet;todas;6;0,3137271715833901;0,28858258048522056;0,0976798606574488;0,3113528871740874;0,22089478859390363;2023;0,49580889127807215;2020;2020;0,49580889127807215;2025;0,2569457149160659;-0,23886317636200627
composicao_endividamento;fracao;Desktop;todas;6;0,2566789111090143;0,23835629603952768;0,054424868233575584;0,21203482591704137;0,19871128653774864;2024;0,34969501131827685;2020;2020;0,34969501131827685;2025;0,2256427969678402;-0,12405221435043665
composicao_endividamento;fracao;Unifique;todas;6;0,41591104214606117;0,4262144647159962;0,035845523344582034;0,08618555342897982;0,3466209582809471;2025;0,44121054498167633;2020;2020;0,44121054498167633;2025;0,3466209582809471;-0,09458958670072926
liquidez_corrente;x;Brisanet;todas;6;1,550766202262551;1,6154301366472827;0,6088039001601234;0,3925826467406145;0,6496247102708967;2020;2,3676454851970963;2021;2020;0,6496247102708967;2025;1,488172930200655;0,8385482199297583
liquidez_corrente;x;Desktop;todas;6;1,3506339855851361;1,3369622126742178;0,3342245894744259;0,2474575592214419;0,8662604339464275;2022;1,853183696054369;2021;2020;1,1796098274464848;2025;1,4050222658424398;0,22541243839595504
liquidez_corrente;x;Unifique;todas;6;1,5555128679332035;1,4282495002985214;0,7283285247634325;0,46822404351508595;0,7096819570226676;2020;2,8223149881614447;2021;2020;0,7096819570226676;2025;1,0968011848083472;0,38711922778567964
cobertura_caixa;x;Brisanet;todas;6;30,02363794683774;8,032914287188863;55,99310165578014;1,8649672552981758;3,1614518607398883;2023;144,11457868925547;2021;2020;7,591044878618274;2025;12,587956168672342;4,996911290054068
cobertura_caixa;x;Brisanet;sem_sinalizados;5;7,205449798354195;7,591044878618274;3,7431889407559873;0,5194941392293058;3,1614518607398883;2023;12,587956168672342;2025;2020;7,591044878618274;2025;12,587956168672342;4,996911290054068
cobertura_caixa;x;Desktop;todas;6;6,507330461400453;3,1313588336463454;8,91961260376912;1,3707022651880996;1,60879764329357;2022;24,552465110212598;2021;2020;3,3767532809385927;2025;4,861500749012665;1,484747468074072
cobertura_caixa;x;Desktop;sem_sinalizados;5;2,898303531638023;2,885964386354098;1,3271382382849168;0,45790174279464213;1,60879764329357;2022;4,861500749012665;2025;2020;3,3767532809385927;2025;4,861500749012665;1,484747468074072
cobertura_caixa;x;Unifique;todas;6;2,525974061861101;2,625232094639923;0,5254764282374148;0,20802922570402463;1,7030268191639082;2020;3,0894389514567555;2024;2020;1,7030268191639082;2025;2,6502629727647316;0,9472361536008234
margem_ebitda;fracao;Brisanet;todas;6;0,41303749712398563;0,4329701579195575;0,05526899500705949;0,1338110834776554;0,3257747802759501;2021;0,47236433824427665;2023;2020;0,3677057235032028;2025;0,44643982488136924;0,07873410137816644
margem_ebitda;fracao;Desktop;todas;6;0,42573172309913837;0,4373024577202723;0,03995106398777998;0,09384093742640066;0,3551469365997375;2021;0,46525246871889225;2025;2020;0,40907676286463257;2025;0,46525246871889225;0,05617570585425968
margem_ebitda;fracao;Unifique;todas;6;0,47371474254928775;0,47525985962297546;0,01571931378293139;0,03318307912128335;0,4494347943540876;2024;0,49650525906185883;2022;2020;0,47278079203490325;2025;0,4655586295315373;-0,0072221625033659365
margem_fco;fracao;Brisanet;todas;6;0,37665776466117;0,3907147783420454;0,08210554571392027;0,217984476671495;0,2595154093808234;2022;0,46860149139206486;2020;2020;0,46860149139206486;2025;0,30683679303722794;-0,16176469835483692
margem_fco;fracao;Desktop;todas;6;0,6010881893352219;0,28904863269486963;0,7753909916075573;1,2899787508137648;0,12447292705746625;2022;2,1579790557310146;2021;2020;0,5374358114982704;2025;0,32225100878341173;-0,21518480271485863
margem_fco;fracao;Desktop;sem_sinalizados;5;0,28971001605606334;0,25584625660632754;0,15609688136761776;0,538803882215141;0,12447292705746625;2022;0,5374358114982704;2020;2020;0,5374358114982704;2025;0,32225100878341173;-0,21518480271485863
margem_fco;fracao;Unifique;todas;6;0,442857709766723;0,4785785697140267;0,08699173789397527;0,1964327050776614;0,3003551851437521;2020;0,5259625952940328;2024;2020;0,3003551851437521;2025;0,4671055517130856;0,1667503665693335
divida_liquida_ebitda;x;Brisanet;todas;6;1,7482409874280604;1,8670289156663018;0,9087719372538385;0,5198207477052612;0,3146581862600564;2021;2,907940094769245;2020;2020;2,907940094769245;2025;2,2024153408734275;-0,7055247538958174
divida_liquida_ebitda;x;Desktop;todas;6;1,9197193789943932;1,9588114388948452;0,15049082745447293;0,07839209683516585;1,70401651736354;2023;2,083429539237123;2022;2020;1,7869965326037658;2025;2,021612821290737;0,23461628868697115
divida_liquida_ebitda;x;Unifique;todas;6;-0,16705954737191275;0,03714867269495177;0,9540975095968136;5,711122318994283;-1,8464647474949536;2021;0,821559029266922;2020;2020;0,821559029266922;2025;0,5048291805339908;-0,3167298487329312
peso_resultado_financeiro;fracao;Brisanet;todas;6;0,5718113860062733;0,5405930652250842;0,21974491352250933;0,38429614887049224;0,3268064598493553;2023;0,8453309951775537;2021;2020;0,4904957137532613;2025;0,8113198193918313;0,32082410563857
peso_resultado_financeiro;fracao;Desktop;todas;6;0,530974405254957;0,5847094514102591;0,18760757110406756;0,35332695747167775;0,17245443448246833;2020;0,6757413047801467;2025;2020;0,17245443448246833;2025;0,6757413047801467;0,5032868702976784
peso_resultado_financeiro;fracao;Unifique;todas;6;0,12258897195192638;0,12781146334285298;0,03803524675731408;0,31026646322011503;0,055138947727485295;2022;0,17044343696359984;2024;2020;0,1353872980286921;2025;0,12023562865701387;-0,015151669371678222
depreciacao_receita;fracao;Brisanet;todas;6;0,2556700660112552;0,2707037691509492;0,045059050855462905;0,17623905511675858;0,18572028132114105;2020;0,30211481443279914;2025;2020;0,18572028132114105;2025;0,30211481443279914;0,1163945331116581
depreciacao_receita;fracao;Desktop;todas;6;0,1334425976126303;0,12884437874333832;0,0178038669081711;0,13341966678326989;0,11654708933881189;2023;0,15814241415085148;2021;2020;0,12470823408304706;2025;0,15162976889689114;0,026921534813844086
depreciacao_receita;fracao;Unifique;todas;6;0,20003518651891464;0,1965870822480395;0,024425007162202646;0,12210355381598377;0,1640319107282694;2020;0,22860116029526212;2022;2020;0,1640319107282694;2025;0,18792068017341723;0,02388876944514784
