empresa;ano;margem_liquida;roe;roa;endividamento_geral;composicao_endividamento;liquidez_corrente;cobertura_caixa;margem_ebitda;margem_fco;divida_liquida_ebitda;peso_resultado_financeiro;depreciacao_receita;observacao
Brisanet;2020;0,061730828744271625;0,24793761333549008;0,03930651129237212;0,8750827399950896;0,49580889127807215;0,6496247102708967;7,591044878618274;0,3677057235032028;0,46860149139206486;2,907940094769245;0,4904957137532613;0,18572028132114105;
Brisanet;2021;0,003077851952988316;0,0030531628752817675;0,0011471353197748382;0,5359849617665291;0,3315484737418578;2,3676454851970963;144,11457868925547;0,3257747802759501;0,44356333747281323;0,3146581862600564;0,8453309951775537;0,2162249315613615;cobertura_caixa: Lucro líquido próximo de zero (0,3% da receita): a razão FCO/lucro fica inflada.
Brisanet;2022;0,06161316384570726;0,04462338361158014;0,02033415150289458;0,5521443115709922;0,2648240203758758;1,7426873430939103;4,212012387981023;0,44228536281367864;0,2595154093808234;1,5316424904591759;0,3662249111687314;0,2731820746941874;
Brisanet;2023;0,13303444175686352;0,113174108016635;0,05206706061713949;0,5281830929599991;0,22089478859390363;1,9357233072061224;3,1614518607398883;0,47236433824427665;0,4205819834347284;1,278838693659677;0,3268064598493553;0,26822546360771093;
Brisanet;2024;0,04257897147627739;0,039730057284241393;0,016837280976038295;0,6222819438735149;0,31234114059456525;1,1207434376066256;8,47478369575945;0,42365495302543643;0,3608475732493623;2,253951118546782;0,5906904166969071;0,2885528304503311;
Brisanet;2025;0,024375425917104235;0,026598641181832198;0,00938616945038771;0,6684598041257884;0,2569457149160659;1,488172930200655;12,587956168672342;0,44643982488136924;0,30683679303722794;2,2024153408734275;0,8113198193918313;0,30211481443279914;
Desktop;2020;0,15915755958009647;;;0,7152020129616539;0,34969501131827685;1,1796098274464848;3,3767532809385927;0,40907676286463257;0,5374358114982704;1,7869965326037658;0,17245443448246833;0,12470823408304706;roe: PL inicial não divulgado na DFP do ano: média indisponível. | roa: Ativo inicial não divulgado na DFP do ano: média indisponível.
Desktop;2021;0,08789256174661676;0,06093946688895358;0,02387328197687091;0,5882556750409073;0,23133810282949968;1,853183696054369;24,552465110212598;0,3551469365997375;2,1579790557310146;2,0262508069722402;0,5041024148967123;0,15814241415085148;margem_fco: FCO maior que a receita do ano: valor atípico, mantido como publicado (ver etl/07_diagnostico_dfc.py). | cobertura_caixa: FCO maior que a receita do ano: valor atípico, mantido como publicado (ver etl/07_diagnostico_dfc.py).
Desktop;2022;0,07737015750634879;0,05966932957181028;0,023473208477536714;0,6224027692158781;0,2893117797511646;0,8662604339464275;1,60879764329357;0,42532060526334303;0,12447292705746625;2,083429539237123;0,6641293745498965;0,11664755580255078;
Desktop;2023;0,11859191740395036;0,10416548864805612;0,04048166320258412;0,6028911684653363;0,24537448924955568;1,2689021595059957;1,758501598591188;0,44928431017720155;0,20854407633484084;1,70401651736354;0,6183377055473799;0,11654708933881189;
Desktop;2024;0,08865191054195361;0,07515263478045374;0,029613154971042735;0,6100483293229794;0,19871128653774864;1,5308255307150997;2,885964386354098;0,4503092549710234;0,25584625660632754;1,8960100564989535;0,5510811972731384;0,13298052340362956;
Desktop;2025;0,06628632297318035;0,05754872347679131;0,02192159216985577;0,6272939845820185;0,2256427969678402;1,4050222658424398;4,861500749012665;0,46525246871889225;0,32225100878341173;2,021612821290737;0,6757413047801467;0,15162976889689114;
Unifique;2020;0,1763655050900548;0,5329973640143051;0,13777649723963617;0,7422796206555384;0,44121054498167633;0,7096819570226676;1,7030268191639082;0,47278079203490325;0,3003551851437521;0,821559029266922;0,1353872980286921;0,1640319107282694;
Unifique;2021;0,17585548840134152;0,14963218525341085;0,07768575749859172;0,40714396547514026;0,4412005411454245;2,8223149881614447;2,130384037547027;0,48027005310229176;0,3746397254052543;-1,8464647474949536;0,11760804516148934;0,1971422582448295;divida_liquida_ebitda: Caixa líquido: caixa e aplicações superam a dívida bruta (indicador negativo).
Unifique;2022;0,19192038299176944;0,13311741420486145;0,07362563326452794;0,48042733920596514;0,41400527903632645;1,847780077009718;2,6002012165151145;0,49650525906185883;0,49903161332924556;-0,5565780919273392;0,055138947727485295;0,22860116029526212;divida_liquida_ebitda: Caixa líquido: caixa e aplicações superam a dívida bruta (indicador negativo).
Unifique;2023;0,16430732509318852;0,13855169467048273;0,07372793538764592;0,45591382922022383;0,43420869474435153;1,3842824726879286;2,9825303737190665;0,47773892721104766;0,4900515877149677;-0,1461279205912049;0,13672047517327782;0,22648320342046027;divida_liquida_ebitda: Caixa líquido: caixa e aplicações superam a dívida bruta (indicador negativo).
Unifique;2024;0,17024534342911254;0,15211139232123538;0,08120209957148944;0,47522648326330413;0,41822023468764086;1,4722165279091144;3,0894389514567555;0,4494347943540876;0,5259625952940328;0,22042526598110845;0,17044343696359984;0,19603190625124953;
Unifique;2025;0,1762487558831964;0,1806142840843478;0,08747020325518906;0,5527395349731962;0,3466209582809471;1,0968011848083472;2,6502629727647316;0,4655586295315373;0,4671055517130856;0,5048291805339908;0,12023562865701387;0,18792068017341723;
