empresa;ano;cd_cvm;razao_social;receita_liquida;lucro_liquido;ativo_total;ativo_circulante;passivo_total;passivo_circulante;passivo_nao_circulante;patrimonio_liquido;fluxo_caixa_operacional;resultado_operacional;resultado_financeiro;despesas_financeiras;caixa_equivalentes;aplicacoes_financeiras;emprestimos_cp;emprestimos_lp;fluxo_caixa_investimento;fluxo_caixa_financiamento;depreciacao_amortizacao;capital_terceiros;ebitda;divida_bruta;divida_liquida;validacao_balanco_ok;validacao_identidade_ok;observacao
Brisanet;2020;026085;BRISANET PARTICIPACOES S.A.;471774000,0;29123000,0;1018250000,0;286999000,0;1018250000,0;441792000,0;449261000,0;127197000,0;221074000,0;85856000,0;-42112000,0;-108528000,0;171104000,0;9665000,0;257439000,0;427782000,0;-418198000,0;329418000,0;87618000,0;891053000,0;173474000,0;685221000,0;504452000,0;1;1;
Brisanet;2021;026085;BRISANET PARTICIPACOES S.A.;728755000,0;2243000,0;2892361000,0;1216939000,0;2892361000,0;513987000,0;1036275000,0;1342099000,0;323249000,0;79835000,0;-67487000,0;-176729000,0;1000792000,0;46693000,0;253784000,0;868404000,0;-1043542000,0;1549981000,0;157575000,0;1550262000,0;237410000,0;1122188000,0;74703000,0;1;1;Lucro líquido próximo de zero (R$ 2,2 mi): razões com o lucro no denominador (ex.: cobertura de caixa) ficam distorcidas.
Brisanet;2022;026085;BRISANET PARTICIPACOES S.A.;985244000,0;60704000,0;3078284000,0;784401000,0;3078284000,0;450110000,0;1249547000,0;1378627000,0;255686000,0;166608000,0;-61016000,0;-209625000,0;203542000,0;391540000,0;192445000,0;1070064000,0;-1128004000,0;75068000,0;269151000,0;1699657000,0;435759000,0;1262509000,0;667427000,0;1;1;
Brisanet;2023;026085;BRISANET PARTICIPACOES S.A.;1227870000,0;163349000,0;3196278000,0;721868000,0;3196278000,0;372919000,0;1315301000,0;1508058000,0;516420000,0;250656000,0;-81916000,0;-189177000,0;323220000,0;180867000,0;129410000,0;1116406000,0;-218594000,0;-178148000,0;329346000,0;1688220000,0;580002000,0;1245816000,0;741729000,0;1;1;
Brisanet;2024;027693;BRISANET SERVICOS DE TELECOMUNICACOES S.A.;1427794000,0;60794000,0;4026085000,0;877012000,0;4026085000,0;782527000,0;1722833000,0;1520725000,0;515216000,0;192898000,0;-113943000,0;-227614000,0;238791000,0;379255000,0;455661000,0;1525782000,0;-1098617000,0;498982000,0;411994000,0;2505360000,0;604892000,0;1981443000,0;1363397000,0;1;1;Troca de entidade na série encadeada: a partir de 2024 os dados são da Brisanet Serviços (CD_CVM 027693), sucessora da Participações.
Brisanet;2025;027693;BRISANET SERVICOS DE TELECOMUNICACOES S.A.;1677263000,0;40884000,0;4685456000,0;1197628000,0;4685456000,0;804764000,0;2327275000,0;1553417000,0;514646000,0;242071000,0;-196397000,0;-333546000,0;82153000,0;786831000,0;504564000,0;2013582000,0;-1099303000,0;428019000,0;506726000,0;3132039000,0;748797000,0;2518146000,0;1649162000,0;1;1;
Desktop;2020;026026;DESKTOP S.A.;167086000,0;26593000,0;404578000,0;119360000,0;404578000,0;101186000,0;188169000,0;115223000,0;89798000,0;47514000,0;-8194000,0;-11598000,0;54941000,0;24835000,0;29970000,0;171949000,0;-230821000,0;187404000,0;20837000,0;289355000,0;68351000,0;201919000,0;122143000,0;1;1;
Desktop;2021;026026;DESKTOP S.A.;348926000,0;30668000,0;2164654000,0;545909000,0;2164654000,0;294579000,0;978791000,0;891284000,0;752975000,0;68740000,0;-34652000,0;-57950000,0;141493000,0;313541000,0;46113000,0;660014000,0;-1798812000,0;1132389000,0;55180000,0;1273370000,0;123920000,0;706127000,0;251093000,0;1;1;Fluxo de caixa operacional atípico (R$ 753,0 mi = 215,8% da receita), confirmado como valor publicado. Ver etl/07_diagnostico_dfc.py.
Desktop;2022;026026;DESKTOP S.A.;710765000,0;54992000,0;2520858000,0;393219000,0;2520858000,0;453927000,0;1115062000,0;951869000,0;88471000,0;219394000,0;-145706000,0;-194407000,0;68629000,0;182793000,0;91451000,0;789798000,0;-249572000,0;88237000,0;82909000,0;1568989000,0;302303000,0;881249000,0;629827000,0;1;1;FCO/receita de 12,4%, o menor da base, no exercício seguinte ao valor atípico de 2021.
Desktop;2023;026026;DESKTOP S.A.;986391000,0;116978000,0;3258890000,0;611739000,0;3258890000,0;482101000,0;1482655000,0;1294134000,0;205706000,0;328209000,0;-202944000,0;-235049000,0;329655000,0;83543000,0;129765000,0;1038602000,0;-273632000,0;328952000,0;114961000,0;1964756000,0;443170000,0;1168367000,0;755169000,0;1;1;
Desktop;2024;026026;DESKTOP S.A.;1128842000,0;100074000,0;3510912000,0;651527000,0;3510912000,0;425605000,0;1716221000,0;1369086000,0;288810000,0;358214000,0;-197405000,0;-264473000,0;290953000,0;92591000,0;10321000,0;1337018000,0;-343674000,0;16162000,0;150114000,0;2141826000,0;508328000,0;1347339000,0;963795000,0;1;1;
Desktop;2025;026026;DESKTOP S.A.;1218547000,0;80773000,0;3858352000,0;767322000,0;3858352000,0;546128000,0;1874193000,0;1438031000,0;392678000,0;382164000,0;-258244000,0;-318893000,0;464637000,0;15509000,0;59011000,0;1567252000,0;-292242000,0;73248000,0;184768000,0;2420321000,0;566932000,0;1626263000,0;1146117000,0;1;1;
Unifique;2020;026050;UNIFIQUE TELECOMUNICACOES S.A.;286048000,0;50449000,0;455839000,0;105947000,0;455839000,0;149288000,0;189072000,0;117479000,0;85916000,0;88317000,0;-11957000,0;-15528000,0;43335000,0;0,0;29415000,0;125026000,0;-137662000,0;85841000,0;46921000,0;338360000,0;135238000,0;154441000,0;111106000,0;1;1;
Unifique;2021;026050;UNIFIQUE TELECOMUNICACOES S.A.;457984000,0;80539000,0;1617617000,0;820097000,0;1617617000,0;290576000,0;368027000,0;959014000,0;171579000,0;129668000,0;-15250000,0;-40435000,0;528850000,0;165699000,0;61084000,0;227324000,0;-520521000,0;834457000,0;90288000,0;658603000,0;219956000,0;288408000,0;-406141000,0;1;1;
Unifique;2022;026050;UNIFIQUE TELECOMUNICACOES S.A.;678448000,0;130208000,0;1919412000,0;705427000,0;1919412000,0;381770000,0;540368000,0;997274000,0;338567000,0;181759000,0;-10022000,0;-92565000,0;368092000,0;189557000,0;85391000,0;284773000,0;-421103000,0;-78222000,0;155094000,0;922138000,0;336853000,0;370164000,0;-187485000,0;1;1;
Unifique;2023;026050;UNIFIQUE TELECOMUNICACOES S.A.;883156000,0;145109000,0;2016925000,0;552708000,0;2016925000,0;399274000,0;520270000,0;1097381000,0;432792000,0;221898000,0;-30338000,0;-96348000,0;272267000,0;113120000,0;108430000,0;215303000,0;-332411000,0;-196206000,0;200020000,0;919544000,0;421918000,0;323733000,0;-61654000,0;1;1;
Unifique;2024;026050;UNIFIQUE TELECOMUNICACOES S.A.;1025379000,0;174566000,0;2282619000,0;667899000,0;2282619000,0;453669000,0;631092000,0;1197858000,0;539311000,0;259834000,0;-44287000,0;-99065000,0;447756000,0;0,0;109000000,0;440337000,0;-398063000,0;34241000,0;201007000,0;1084761000,0;460841000,0;549337000,0;101581000,0;1;1;
Unifique;2025;026050;UNIFIQUE TELECOMUNICACOES S.A.;1185580000,0;208957000,0;2495168000,0;524328000,0;2495168000,0;478052000,0;901126000,0;1115990000,0;553791000,0;329162000,0;-39577000,0;-104564000,0;212960000,0;47337000,0;143113000,0;395828000,0;-536138000,0;-252449000,0;222795000,0;1379178000,0;551957000,0;538941000,0;278644000,0;1;1;
