empresa;indicador;2020_mi;2025_mi;crescimento_%
Brisanet;Receita Líquida;471,8;1677,3;255,5
Brisanet;Lucro Líquido;29,1;40,9;40,4
Brisanet;Ativo Total;1018,2;4685,5;360,1
Brisanet;Patrimônio Líquido;127,2;1553,4;1121,3
Brisanet;Capital de Terceiros;891,1;3132,0;251,5
Brisanet;Fluxo de Caixa Operacional;221,1;514,6;132,8
Desktop;Receita Líquida;167,1;1218,5;629,3
Desktop;Lucro Líquido;26,6;80,8;203,7
Desktop;Ativo Total;404,6;3858,4;853,7
Desktop;Patrimônio Líquido;115,2;1438,0;1148,0
Desktop;Capital de Terceiros;289,4;2420,3;736,5
Desktop;Fluxo de Caixa Operacional;89,8;392,7;337,3
Unifique;Receita Líquida;286,0;1185,6;314,5
Unifique;Lucro Líquido;50,4;209,0;314,2
Unifique;Ativo Total;455,8;2495,2;447,4
Unifique;Patrimônio Líquido;117,5;1116,0;849,9
Unifique;Capital de Terceiros;338,4;1379,2;307,6
Unifique;Fluxo de Caixa Operacional;85,9;553,8;544,6
