empresa;ano;var_receita_liquida_%;var_lucro_liquido_%;var_ativo_total_%;var_ativo_circulante_%;var_patrimonio_liquido_%;var_capital_terceiros_%;var_passivo_circulante_%;var_passivo_nao_circulante_%;var_fluxo_caixa_operacional_%
Brisanet;2020;;;;;;;;;
Brisanet;2021;54,47;-92,3;184,05;324,02;955,13;73,98;16,34;130,66;46,22
Brisanet;2022;35,2;2606,38;6,43;-35,54;2,72;9,64;-12,43;20,58;-20,9
Brisanet;2023;24,63;169,09;3,83;-7,97;9,39;-0,67;-17,15;5,26;101,97
Brisanet;2024;16,28;-62,78;25,96;21,49;0,84;48,4;109,84;30,98;-0,23
Brisanet;2025;17,47;-32,75;16,38;36,56;2,15;25,01;2,84;35,08;-0,11
Desktop;2020;;;;;;;;;
Desktop;2021;108,83;15,32;435,04;357,36;673,53;340,07;191,13;420,17;738,52
Desktop;2022;103,7;79,31;16,46;-27,97;6,8;23,22;54,09;13,92;-88,25
Desktop;2023;38,78;112,72;29,28;55,57;35,96;25,22;6,21;32,97;132,51
Desktop;2024;14,44;-14,45;7,73;6,5;5,79;9,01;-11,72;15,75;40,4
Desktop;2025;7,95;-19,29;9,9;17,77;5,04;13,0;28,32;9,2;35,96
Unifique;2020;;;;;;;;;
Unifique;2021;60,11;59,64;254,87;674,06;716,33;94,65;94,64;94,65;99,71
Unifique;2022;48,14;61,67;18,66;-13,98;3,99;40,01;31,38;46,83;97,32
Unifique;2023;30,17;11,44;5,08;-21,65;10,04;-0,28;4,58;-3,72;27,83
Unifique;2024;16,1;20,3;13,17;20,84;9,16;17,97;13,62;21,3;24,61
Unifique;2025;15,62;19,7;9,31;-21,5;-6,83;27,14;5,37;42,79;2,68
